region,Countries (number),total_allocation,state_component,iplc_component
Africa,54,394.146064222791,197.073032111395,197.073032111395
Americas,29,194.373401534527,97.1867007672634,97.1867007672634
Asia,37,239.840863881785,119.920431940892,119.920431940892
Europe,8,54.5609548167093,27.2804774083546,27.2804774083546
Oceania,14,117.078715544189,58.5393577720943,58.5393577720943
Total,142,1000,500,500
