WB Income Group,total_allocation,state_component,iplc_component,Countries (number)
High income,88.945723216823,44.4728616084115,44.4728616084115,12
Low income,200.056834327934,100.028417163967,100.028417163967,26
Lower middle income,361.466325660699,180.73316283035,180.73316283035,51
Upper middle income,349.531116794544,174.765558397272,174.765558397272,53
Total,1000,500,500,142
