intermediate_region,Countries (number),total_allocation,state_component,iplc_component
NA,65,449.275362318841,224.63768115942,224.63768115942
Eastern Africa,18,135.265700483092,67.6328502415459,67.6328502415459
Western Africa,16,119.636260301222,59.818130150611,59.818130150611
Caribbean,13,95.1974992895709,47.5987496447855,47.5987496447855
South America,10,59.1077010514351,29.5538505257175,29.5538505257175
Middle Africa,9,66.4961636828644,33.2480818414322,33.2480818414322
Central America,6,40.0682011935209,20.0341005967604,20.0341005967604
Southern Africa,5,34.9531116794544,17.4765558397272,17.4765558397272
Total,142,1000,500,500
