profile,w1,w2,w3,w4,w5,w6,spread,b1_b6_ratio,gini,n_eligible,monotonic,Band 1_mean,Band 2_mean,Band 3_mean,Band 4_mean,Band 5_mean,Band 6_mean,Band 1_n,Band 2_n,Band 3_n,Band 4_n,Band 5_n,Band 6_n
Current (1.50→0.40),1.5,1.3,1.1,0.95,0.75,0.4,1.1,3.75,0.0872507,142,True,8.52515,7.38846,6.25178,5.39926,4.26257,2.27337,31,59,30,18,3,1
Flat-linear (1.20→0.80),1.2,1.12,1.04,0.96,0.88,0.8,0.4,1.5,0.0415783,142,True,7.73196,7.21649,6.70103,6.18557,5.6701,5.15464,31,59,30,18,3,1
Near-flat (1.10→0.90),1.1,1.06,1.02,0.98,0.94,0.9,0.2,1.22222,0.0217125,142,True,7.40242,7.13324,6.86406,6.59489,6.32571,6.05653,31,59,30,18,3,1
Minimal (1.05→0.95),1.05,1.03,1.01,0.99,0.97,0.95,0.1,1.10526,0.0111028,142,True,7.22643,7.08878,6.95114,6.81349,6.67584,6.5382,31,59,30,18,3,1
Equality (1.00→1.00),1,1,1,1,1,1,0,1,0,142,False,7.04225,7.04225,7.04225,7.04225,7.04225,7.04225,31,59,30,18,3,1
